대중교통,역(정류장),호선(명),노선(수),x_좌표,y_좌표,지하철 여부(Y/N),버스 여부(Y/N),따릉이 여부(Y/N),동_이름,GID,NODE_ID,주소,도로명
버스,동작상떼빌아파트,,17,126.904448,37.486449,N,Y,N,신대방동,11590109,119000001,서울 동작구 신대방동 699-4,-
버스,동작상떼빌아파트,,1,126.907103,37.488254,N,Y,N,신대방동,11590109,119000116,서울 동작구 신대방동 686-74,서울특별시 동작구 대림로 57 (신대방동)
버스,신대방경남아파트,,2,126.907227,37.488429,N,Y,N,신대방동,11590109,119000117,서울 동작구 신대방동 700,-
버스,신대방1동경남아파트,,1,126.907561,37.489932,N,Y,N,신대방동,11590109,118900115,서울 동작구 신대방동 607-7,서울특별시 동작구 시흥대로 650-2 (신대방동)
버스,성원샹떼빌앞,,1,126.908042,37.487706,N,Y,N,신대방동,11590109,119900021,서울 동작구 신대방동 719,"서울특별시 동작구 신대방1가길 38 (신대방동, 동작상떼빌아파트)"
버스,신대방1동주민센터,,1,126.909579,37.487041,N,Y,N,신대방동,11590109,119900012,서울 동작구 신대방동 694-13,서울특별시 동작구 대림로 31 (신대방동)
버스,신대방1동주민센터,,1,126.909746,37.487212,N,Y,N,신대방동,11590109,119900271,서울 동작구 신대방동 700-2,-
버스,신대방우성아파트앞,,1,126.910382,37.493343,N,Y,N,신대방동,11590109,119900237,서울 동작구 신대방동 565-21,"서울특별시 동작구 여의대방로 8 (신대방동, 신대방2차우성아파트)"
버스,신대방현대아파트,,7,126.911479,37.495282,N,Y,N,신대방동,11590109,119000003,서울 동작구 신대방동 492-261,-
버스,신대방현대아파트,,1,126.911543,37.495228,N,Y,N,신대방동,11590109,119900327,서울 동작구 신대방동 707-6,-
버스,신대방역,,1,126.911743,37.487413,N,Y,N,신대방동,11590109,119000115,서울 동작구 신대방동 692-46,서울특별시 동작구 대림로 12-1 (신대방동)
버스,신대방역,,2,126.912316,37.487379,N,Y,N,신대방동,11590109,119000114,서울 동작구 신대방동 702-9,-
버스,신대방역,,1,126.913014,37.487502,N,Y,N,신대방동,11590109,119900242,서울 동작구 신대방동 643-1,서울특별시 동작구 대림로 2 (신대방동)
버스,교수아파트,,1,126.913423,37.496296,N,Y,N,신대방동,11590109,119900236,서울 동작구 신대방동 710,"서울특별시 동작구 여의대방로10길 14 (신대방동, 경남교수아파트)"
버스,대방중학교,,1,126.914493,37.495492,N,Y,N,신대방동,11590109,119900299,서울 동작구 신대방동 470-10,-
버스,수도여고,,1,126.915251,37.493555,N,Y,N,신대방동,11590109,119900300,서울 동작구 신대방동 470-13,서울특별시 동작구 여의대방로10길 73 (신대방동)
버스,보라매공원,,7,126.916221,37.496899,N,Y,N,신대방동,11590109,119000004,서울 동작구 신대방동 500-8,-
버스,동작구민체육센터.기상청,,1,126.91718,37.494414,N,Y,N,신대방동,11590109,119900302,서울 동작구 신대방동 460-37,-
버스,동작구민체육센터.기상청,,1,126.917242,37.49424,N,Y,N,신대방동,11590109,119900301,서울 동작구 신대방동 460-18,서울특별시 동작구 여의대방로16길 61 (신대방동)
버스,보라매공원입구,,1,126.917914,37.495679,N,Y,N,신대방동,11590109,119900235,서울 동작구 신대방동 722,서울특별시 동작구 보라매로5길 28 (신대방동)
버스,보라매공원입구,,1,126.918086,37.496008,N,Y,N,신대방동,11590109,119900063,서울 동작구 신대방동 722,서울특별시 동작구 보라매로5길 28 (신대방동)
버스,보라매공원,,1,126.918239,37.494769,N,Y,N,신대방동,11590109,119900234,서울 동작구 신대방동 722,서울특별시 동작구 보라매로5길 28 (신대방동)
버스,보라매공원,,1,126.918577,37.49462,N,Y,N,신대방동,11590109,119900074,서울 동작구 신대방동 722,서울특별시 동작구 보라매로5길 28 (신대방동)
버스,보라매역.동작세무서,,8,126.920196,37.498141,N,Y,N,신대방동,11590109,119000005,서울 동작구 신대방동 377-5,-
버스,보라매역.동작세무서,,2,126.920229,37.497993,N,Y,N,신대방동,11590109,119900279,서울 동작구 신대방동 381-1,-
버스,보라매역.동작세무서,,7,126.920261,37.498976,N,Y,N,대방동,11590108,118000013,서울 영등포구 신길동 4884,-
버스,서울공업고등학교,,8,126.921571,37.499961,N,Y,N,대방동,11590108,119000051,서울 동작구 대방동 466-59,-
버스,벽산아파트,,1,126.921827,37.497733,N,Y,N,신대방동,11590109,119900308,서울 동작구 신대방동 378-10,-
버스,강남중학교,,12,126.921898,37.50379,N,Y,N,대방동,11590108,119000006,서울 동작구 대방동 466-43,서울특별시 동작구 여의대방로36길 5 (대방동)
버스,서울공업고등학교,,9,126.922337,37.499775,N,Y,N,대방동,11590108,119000050,서울 동작구 대방동 466-59,-
버스,예스플러스,,2,126.922494,37.503964,N,Y,N,대방동,11590108,119900146,서울 동작구 대방동 389-3,서울특별시 동작구 여의대방로36길 4 (대방동)
버스,대방교회,,3,126.923039,37.503971,N,Y,N,대방동,11590108,119900123,서울 동작구 대방동 388-1,서울특별시 동작구 대방동23길 41 (대방동)
버스,보라매어린이집.문창중학교,,1,126.923186,37.497719,N,Y,N,신대방동,11590109,119900098,서울 동작구 신대방동 378-10,-
버스,서울지방병무청앞,,11,126.923275,37.506935,N,Y,N,대방동,11590108,119000020,서울 동작구 대방동 501,서울특별시 동작구 여의대방로 250 (대방동)
버스,동작우체국,,1,126.923882,37.49781,N,Y,N,신대방동,11590109,119900155,서울 동작구 신대방동 349-35,-
버스,코오롱하늘채아파트,,3,126.924009,37.49917,N,Y,N,대방동,11590108,119900163,서울 동작구 대방동 411-5,"서울특별시 동작구 여의대방로24마길 13 (대방동, 팰리스타운)"
버스,범한택시,,3,126.924018,37.500061,N,Y,N,대방동,11590108,119900116,서울 동작구 대방동 397-1,-
버스,영동슈퍼,,3,126.92411,37.502869,N,Y,N,대방동,11590108,119900119,서울 동작구 대방동 466-10,-
버스,홍원사,,3,126.924142,37.503945,N,Y,N,대방동,11590108,119900268,서울 동작구 대방동 380-1,서울특별시 동작구 대방동23길 21 (대방동)
버스,아카데미타워,,1,126.924416,37.491213,N,Y,N,신대방동,11590109,119900084,서울 동작구 신대방동 395-69,"서울특별시 동작구 보라매로5가길 16 (신대방동, 보라매아카데미타워)"
버스,서울특별시.보라매병원,,2,126.924482,37.492755,N,Y,N,신대방동,11590109,119000123,서울 동작구 신대방동 395-61,서울특별시 동작구 보라매로5길 지하24 (신대방동)
버스,동작우체국,,2,126.924507,37.49773,N,Y,N,신대방동,11590109,119900095,서울 동작구 신대방동 361-57,서울특별시 동작구 여의대방로22길 80 (신대방동)
버스,공군호텔,,13,126.924541,37.510011,N,Y,N,대방동,11590108,119000021,서울 동작구 대방동 356-2,-
버스,공군호텔,,2,126.924618,37.510202,N,Y,N,대방동,11590108,119000292,서울 동작구 대방동 356-2,-
버스,해태타워앞,,1,126.924661,37.491094,N,Y,N,신대방동,11590109,119900191,서울 동작구 신대방동 708,"서울특별시 동작구 보라매로3길 29 (신대방동, 해태보라매타워)"
버스,대림아파트후문.성남중.고교,,3,126.924815,37.505675,N,Y,N,대방동,11590108,119900030,서울 동작구 대방동 375-39,서울특별시 동작구 여의대방로36길 32 (대방동)
버스,전문건설회관.보라매병원,,1,126.924958,37.492359,N,Y,N,신대방동,11590109,119900272,서울 동작구 신대방동 706,"서울특별시 동작구 보라매로5길 5 (신대방동, 보라매우성아파트)"
버스,대림아파트후문.성남중.고교,,3,126.924992,37.505866,N,Y,N,대방동,11590108,119900128,서울 동작구 대방동 466-56,-
버스,성남중고,,1,126.925313,37.504578,N,Y,N,대방동,11590108,119900042,서울 동작구 대방동 375-1,서울특별시 동작구 대방동길 74 (대방동)
버스,성원아파트,,2,126.925419,37.508822,N,Y,N,대방동,11590108,119900133,서울 동작구 대방동 503-2,-
버스,대방어린이도서관,,1,126.925481,37.502962,N,Y,N,대방동,11590108,119900053,서울 동작구 대방동 375-74,서울특별시 동작구 대방동길 56 (대방동)
버스,대림초등학교,,8,126.926128,37.499855,N,Y,N,대방동,11590108,119000053,서울 동작구 대방동 466-60,-
버스,대방동주민센터,,1,126.926167,37.508177,N,Y,N,대방동,11590108,119900020,서울 동작구 대방동 501-4,-
버스,대방동주민센터,,3,126.926169,37.508388,N,Y,N,대방동,11590108,119900267,서울 동작구 대방동 501-4,-
버스,대방역,,5,126.926363,37.512588,N,Y,N,대방동,11590108,119000022,서울 동작구 대방동 117-4,서울특별시 동작구 노량진로 9 (대방동)
버스,대림초등학교,,10,126.926481,37.499608,N,Y,N,대방동,11590108,119000052,서울 동작구 대방동 404-1,서울특별시 동작구 상도로 56 (대방동)
버스,7호선신대방삼거리역4번출구,,3,126.926744,37.499823,N,Y,N,대방동,11590108,119900169,서울 동작구 대방동 406-10,서울특별시 동작구 상도로 지하76 (대방동)
버스,효주파크빌,,1,126.926749,37.502728,N,Y,N,대방동,11590108,119900311,서울 동작구 대방동 466-10,-
버스,보라매병원입구,,11,126.927191,37.494757,N,Y,N,신대방동,11590109,119000095,서울 동작구 신대방동 344-225,-
버스,대방역.여의교앞,,1,126.92733,37.514757,N,Y,N,대방동,11590108,119000291,서울 동작구 대방동 498-1,-
버스,대방역1번출구,,1,126.927428,37.51307,N,Y,N,대방동,11590108,119900186,서울 동작구 대방동 106-5,-
버스,대방역1번출구앞,,2,126.927473,37.513095,N,Y,N,대방동,11590108,119000295,서울 동작구 대방동 106-5,-
버스,대방역2번출구앞,,4,126.927588,37.512779,N,Y,N,대방동,11590108,119900151,서울 동작구 대방동 340-3,서울특별시 동작구 노량진로 10 (대방동)
버스,여의교(가상),,19,126.927668,37.514803,N,Y,N,대방동,11590108,119000311,서울 동작구 대방동 498-1,-
버스,신대방삼거리,,10,126.927841,37.497775,N,Y,N,신대방동,11590109,119000093,서울 동작구 신대방동 345-3,서울특별시 동작구 보라매로 93 (신대방동)
버스,강현중학교,,1,126.927871,37.502068,N,Y,N,대방동,11590108,119900264,서울 동작구 대방동 466-10,-
버스,신대방삼거리역.성대시장,,1,126.927931,37.498225,N,Y,N,신대방동,11590109,119900093,서울 동작구 신대방동 350-2,서울특별시 동작구 보라매로 101 (신대방동)
버스,신대방삼거리역,,1,126.928182,37.499967,N,Y,N,대방동,11590108,119900073,서울 동작구 대방동 393-65,서울특별시 동작구 상도로 69 (대방동)
버스,신대방삼거리,,11,126.928253,37.498328,N,Y,N,신대방동,11590109,119000094,서울 동작구 신대방동 345-6,서울특별시 동작구 보라매로 95-2 (신대방동)
버스,7호선신대방삼거리역2번출구.국민은행,,2,126.928419,37.498966,N,Y,N,대방동,11590108,119900004,서울 동작구 대방동 408-6,서울특별시 동작구 국사봉길 1-2 (대방동)
버스,7호선신대방삼거리역2번출구.국민은행,,1,126.928523,37.498836,N,Y,N,신대방동,11590109,119900225,서울 동작구 신대방동 355-26,서울특별시 동작구 국사봉길 12 (신대방동)
버스,대방동주공아파트,,3,126.92888,37.509053,N,Y,N,대방동,11590108,119900269,서울 동작구 대방동 503-2,-
버스,주공아파트.남도학숙,,1,126.928989,37.508702,N,Y,N,대방동,11590108,119900265,서울 동작구 대방동 20-112,서울특별시 동작구 여의대방로44길 46 (대방동)
버스,숭의여중고교.공군항공안전단,,2,126.929696,37.507383,N,Y,N,대방동,11590108,119900139,서울 동작구 대방동 15-10,서울특별시 동작구 여의대방로36길 92 (대방동)
버스,상도3동주민센터,,1,126.929893,37.499504,N,Y,N,대방동,11590108,119900282,서울 동작구 대방동 336-5,-
버스,숭의여중.고교,,1,126.929952,37.507914,N,Y,N,대방동,11590108,119900008,서울 동작구 대방동 15-46,서울특별시 동작구 여의대방로36길 79 (대방동)
버스,푸른초장교회,,1,126.930025,37.497713,N,Y,N,신대방동,11590109,119900224,서울 동작구 신대방동 348-85,서울특별시 동작구 국사봉길 42 (신대방동)
버스,푸른초장교회,,2,126.930061,37.497818,N,Y,N,상도동,11590102,119900011,서울 동작구 상도동 320-9,-
버스,숭의여중고교.공군항공안전단,,3,126.930147,37.507999,N,Y,N,대방동,11590108,119900228,서울 동작구 대방동 503-2,-
버스,백경세탁소,,1,126.930715,37.496591,N,Y,N,상도동,11590102,119900223,서울 동작구 상도동 299-58,서울특별시 동작구 국사봉길 74 (상도동)
버스,백경세탁소,,2,126.930835,37.496645,N,Y,N,상도동,11590102,119900015,서울 동작구 상도동 298-13,서울특별시 동작구 국사봉길 71 (상도동)
버스,성대시장,,10,126.930909,37.499996,N,Y,N,상도동,11590102,119000054,서울 동작구 상도동 329-2,-
버스,상도3동주민센터,,1,126.931274,37.499173,N,Y,N,상도동,11590102,119900248,서울 동작구 상도동 315-37,서울특별시 동작구 성대로2길 11 (상도동)
버스,현대아파트,,18,126.931437,37.513174,N,Y,N,대방동,11590108,119000007,서울 동작구 대방동 54-2,-
버스,성대시장,,10,126.931693,37.500285,N,Y,N,상도동,11590102,119000055,서울 동작구 상도동 325-14,-
버스,현대아파트,,4,126.931932,37.512343,N,Y,N,대방동,11590108,119900230,서울 동작구 대방동 23-2,서울특별시 동작구 대방동23길 23-2 (대방동)
버스,빙수골공영주차장,,1,126.932011,37.495299,N,Y,N,상도동,11590102,119900222,서울 동작구 상도동 299-16,서울특별시 동작구 국사봉12길 11 (상도동)
버스,현대2차아파트후문,,4,126.932045,37.510707,N,Y,N,대방동,11590108,119900313,서울 동작구 대방동 23-2,서울특별시 동작구 대방동23길 23-2 (대방동)
버스,현대아파트,,2,126.932047,37.512053,N,Y,N,대방동,11590108,119900203,서울 동작구 대방동 23-2,서울특별시 동작구 대방동23길 23-2 (대방동)
버스,남부교회,,4,126.932072,37.509195,N,Y,N,대방동,11590108,119900171,서울 동작구 대방동 17-5,서울특별시 동작구 대방동3길 17-5 (대방동)
버스,빙수골마을공원,,1,126.932112,37.496552,N,Y,N,상도동,11590102,119900019,서울 동작구 상도동 292-56,-
버스,빙수골공영주차장,,2,126.932158,37.49528,N,Y,N,상도동,11590102,119900025,서울 동작구 상도동 289-9,-
버스,남부교회,,2,126.932287,37.508971,N,Y,N,대방동,11590108,119900200,서울 동작구 대방동 17-21,서울특별시 동작구 등용로 86-1 (대방동)
버스,성대시장,,2,126.932299,37.500081,N,Y,N,상도동,11590102,119900127,서울 동작구 상도동 345-13,-
버스,현대아파트.유한양행,,18,126.932374,37.513237,N,Y,N,대방동,11590108,119000008,서울 동작구 대방동 48-3,-
버스,대방목욕탕,,1,126.932391,37.507105,N,Y,N,대방동,11590108,119900206,서울 동작구 대방동 11-29,서울특별시 동작구 등용로 66 (대방동)
버스,구동사무소,,1,126.93243,37.49611,N,Y,N,상도동,11590102,119900029,서울 동작구 상도동 292-60,서울특별시 동작구 국사봉1길 125 (상도동)
버스,현대한의원,,2,126.932562,37.500159,N,Y,N,상도동,11590102,119900007,서울 동작구 상도동 248-16,서울특별시 동작구 성대로1길 2 (상도동)
버스,선재유통,,1,126.932755,37.494555,N,Y,N,상도동,11590102,119900221,서울 동작구 상도동 299-156,서울특별시 동작구 국사봉16길 4 (상도동)
버스,선재유통,,2,126.932802,37.494658,N,Y,N,상도동,11590102,119900034,서울 동작구 상도동 289-33,"서울특별시 동작구 국사봉길 125 (상도동, 진명빌라)"
버스,쌍용아파트,,2,126.932986,37.501504,N,Y,N,상도동,11590102,119900130,서울 동작구 상도동 345-12,-
버스,사회복지관앞,,1,126.933078,37.506067,N,Y,N,대방동,11590108,119900005,서울 동작구 대방동 5-23,-
버스,사회복지관앞,,1,126.933095,37.505902,N,Y,N,대방동,11590108,119900157,서울 동작구 대방동 5-2,"서울특별시 동작구 등용로 49 (대방동, 정원쉐르빌)"
버스,핸드픽트호텔,,1,126.933433,37.501296,N,Y,N,상도동,11590102,119000312,서울 동작구 상도동 354-7,-
버스,청운종합복지관,,1,126.93344,37.495567,N,Y,N,상도동,11590102,119900041,서울 동작구 상도동 292-56,-
버스,핸드픽트호텔,,1,126.93353,37.501611,N,Y,N,상도동,11590102,119000313,서울 동작구 상도동 354-7,-
버스,영은교회,,1,126.933992,37.49438,N,Y,N,상도동,11590102,119900220,서울 동작구 상도동 287-4,서울특별시 동작구 국사봉길 156 (상도동)
버스,영은교회,,2,126.934095,37.494396,N,Y,N,상도동,11590102,119900046,서울 동작구 상도동 285-25,-
버스,성심슈퍼,,1,126.934416,37.495143,N,Y,N,상도동,11590102,119900052,서울 동작구 상도동 282-28,-
버스,KT동작지사,,1,126.934473,37.51218,N,Y,N,대방동,11590108,119900197,서울 동작구 대방동 45-14,서울특별시 동작구 등용로4길 139 (대방동)
버스,갑을명가아파트,,1,126.93448,37.493601,N,Y,N,상도동,11590102,119900219,서울 동작구 상도동 458,"서울특별시 동작구 국사봉길 178 (상도동, 상도1차 갑을명가아파트)"
버스,동광교회,,2,126.934486,37.501554,N,Y,N,상도동,11590102,119900249,서울 동작구 상도동 242-62,서울특별시 동작구 성대로1길 24 (상도동)
버스,강현중학교.동작청소년문화의집,,2,126.934512,37.503,N,Y,N,상도동,11590102,119900125,서울 동작구 상도동 361-19,서울특별시 동작구 상도로15길 55 (상도동)
버스,안일약국,,2,126.934556,37.497762,N,Y,N,상도동,11590102,119900113,서울 동작구 상도동 259-35,서울특별시 동작구 성대로 72 (상도동)
버스,KT동작전화국,,1,126.934561,37.512369,N,Y,N,대방동,11590108,119900145,서울 동작구 대방동 45-51,-
버스,갑을명가아파트,,2,126.934574,37.493694,N,Y,N,상도동,11590102,119900057,서울 동작구 상도동 459,"서울특별시 동작구 국사봉길 175 (상도동, 상도2차갑을명가아파트)"
버스,삼성래미안.동작청소년문화의집,,1,126.934817,37.505536,N,Y,N,상도동,11590102,119900152,서울 동작구 상도동 450,"서울특별시 동작구 등용로 37 (상도동, 상도래미안1차아파트)"
버스,재넘이고개,,1,126.935368,37.492825,N,Y,N,상도동,11590102,120000413,서울 동작구 상도동 산 80-32,-
버스,당곡중.고등학교,,2,126.935461,37.492971,N,Y,N,상도동,11590102,119900067,서울 동작구 상도동 산 80-30,-
버스,당곡중.고등학교,,1,126.9355,37.492898,N,Y,N,상도동,11590102,119900218,서울 동작구 상도동 산 80-32,-
버스,구중앙슈퍼앞,,1,126.935504,37.494612,N,Y,N,상도동,11590102,119900062,서울 동작구 상도동 282-7,"서울특별시 동작구 국사봉1길 193 (상도동, 미소가)"
버스,KT동작지사,,4,126.93566,37.51304,N,Y,N,노량진동,11590101,119000023,서울 동작구 노량진동 28-7,서울특별시 동작구 노량진로 90 (노량진동)
버스,상도초등학교입구,,10,126.935768,37.50296,N,Y,N,상도동,11590102,119000057,서울 동작구 상도동 187-2,-
버스,경성의원.새마을금고앞,,1,126.935955,37.512619,N,Y,N,노량진동,11590101,119900190,서울 동작구 노량진동 263-9,서울특별시 동작구 노량진로6길 9 (노량진동)
버스,경성의원.새마을금고앞,,1,126.93598,37.512794,N,Y,N,노량진동,11590101,119900150,서울 동작구 노량진동 264-1,-
버스,동작경희병원,,2,126.936022,37.502853,N,Y,N,상도동,11590102,119900232,서울 동작구 상도동 188-4,서울특별시 동작구 상도로 150 (상도동)
버스,사자암,,3,126.936319,37.493769,N,Y,N,상도동,11590102,119900078,서울 동작구 상도동 283-59,-
버스,사자암,,1,126.936405,37.493717,N,Y,N,상도동,11590102,119900217,서울 동작구 상도동 283-142,-
버스,주택가,,1,126.93648,37.505504,N,Y,N,상도동,11590102,119900147,서울 동작구 상도동 363-111,서울특별시 동작구 등용로 17 (상도동)
버스,명창빌딩,,2,126.936507,37.504497,N,Y,N,상도동,11590102,119900136,서울 동작구 상도동 26-71,-
버스,동작하이슈퍼,,3,126.936639,37.494942,N,Y,N,상도동,11590102,119900111,서울 동작구 상도동 279-20,-
버스,동작하이슈퍼,,1,126.93673,37.494918,N,Y,N,상도동,11590102,119900216,서울 동작구 상도동 279-451,서울특별시 동작구 양녕로23길 125 (상도동)
버스,사거리,,2,126.936794,37.496036,N,Y,N,상도동,11590102,119900118,서울 동작구 상도동 279-51,"서울특별시 동작구 성대로12길 48 (상도동, 유성빌라21차)"
버스,제일성민교회,,3,126.937331,37.495391,N,Y,N,상도동,11590102,119900115,서울 동작구 상도동 279-20,-
버스,제일성민교회,,1,126.937401,37.495337,N,Y,N,상도동,11590102,119900215,서울 동작구 상도동 279-435,"서울특별시 동작구 성대로12길 66 (상도동, 우주빌라)"
버스,국민은행,,1,126.937569,37.50442,N,Y,N,상도동,11590102,119900141,서울 동작구 상도동 366-5,서울특별시 동작구 상도로 163 (상도동)
버스,국민은행4번출구,,1,126.937722,37.504481,N,Y,N,상도동,11590102,119900026,서울 동작구 상도동 365-19,-
버스,노량진수산시장.CTS기독교TV,,15,126.938456,37.513423,N,Y,N,노량진동,11590101,119000009,서울 동작구 노량진동 40-12,서울특별시 동작구 노량진로 116-2 (노량진동)
버스,장승배기역,,11,126.938522,37.504676,N,Y,N,상도동,11590102,119000058,서울 동작구 상도동 26-20,서울특별시 동작구 상도로 249 (상도동)
버스,보문사,,1,126.938586,37.496187,N,Y,N,상도동,11590102,119900210,서울 동작구 상도동 279-458,-
버스,보문사,,1,126.938646,37.49612,N,Y,N,상도동,11590102,119900214,서울 동작구 상도동 279-456,"서울특별시 동작구 양녕로23길 81 (상도동, 미성해드림)"
버스,노량진수산시장.CTS기독교TV,,19,126.938866,37.51348,N,Y,N,노량진동,11590101,119000010,서울 동작구 노량진동 40-12,서울특별시 동작구 노량진로 116-2 (노량진동)
버스,7호선장승배기역2번출구,,2,126.938967,37.503932,N,Y,N,상도동,11590102,119900246,서울 동작구 상도동 364-31,-
버스,7호선장승배기역5번출구,,2,126.938975,37.505096,N,Y,N,상도동,11590102,119900138,서울 동작구 상도동 26-71,-
버스,7호선장승배기역.상도2치안센터,,4,126.939136,37.504172,N,Y,N,상도동,11590102,119000104,서울 동작구 상도동 364-36,서울특별시 동작구 장승배기로 73 (상도동)
버스,7호선장승배기역.상도2치안센터,,4,126.939326,37.50434,N,Y,N,상도동,11590102,119000105,서울 동작구 상도동 26-20,서울특별시 동작구 상도로 249 (상도동)
버스,장성교회,,2,126.939904,37.507439,N,Y,N,노량진동,11590101,119900229,서울 동작구 노량진동 230-44,서울특별시 동작구 장승배기로20길 39 (노량진동)
버스,장성교회,,18,126.939968,37.508211,N,Y,N,노량진동,11590101,119000099,서울 동작구 노량진동 309-1,-
버스,충남정육점,,1,126.939995,37.499145,N,Y,N,상도동,11590102,119900132,서울 동작구 상도동 202-68,-
버스,동작구청.노량진초등학교앞,,18,126.940053,37.51055,N,Y,N,노량진동,11590101,119000097,서울 동작구 노량진동 231-124,서울특별시 동작구 장승배기로 126-2 (노량진동)
버스,동작구청정문,,6,126.940062,37.512377,N,Y,N,노량진동,11590101,119000134,서울 동작구 노량진동 47-2,서울특별시 동작구 장승배기로 161 (노량진동)
버스,청화병원,,19,126.94008,37.507245,N,Y,N,노량진동,11590101,119000100,서울 동작구 노량진동 311-8,서울특별시 동작구 장승배기로 108 (노량진동)
버스,9호선노량진역.동작구청,,2,126.940089,37.513015,N,Y,N,노량진동,11590101,119900144,서울 동작구 노량진동 45-9,서울특별시 동작구 장승배기로 171 (노량진동)
버스,동아아파트,,1,126.940131,37.496606,N,Y,N,상도동,11590102,119900211,서울 동작구 상도동 215-15,-
버스,동아아파트,,1,126.940151,37.496354,N,Y,N,상도동,11590102,119900213,서울 동작구 상도동 409,"서울특별시 동작구 양녕로23길 43 (상도동, 동아아파트)"
버스,동작구청.노량진초등학교앞,,19,126.940337,37.510453,N,Y,N,노량진동,11590101,119000098,서울 동작구 노량진동 236-4,서울특별시 동작구 장승배기로 144 (노량진동)
버스,화성목욕탕,,1,126.940666,37.499775,N,Y,N,상도동,11590102,119900135,서울 동작구 상도동 202-68,-
버스,화성목욕탕,,1,126.940667,37.499627,N,Y,N,상도동,11590102,119900058,서울 동작구 상도동 202-240,서울특별시 동작구 성대로 192 (상도동)
버스,동작문화복지센터.동작보건소,,8,126.940791,37.504938,N,Y,N,상도동,11590102,119000059,서울 동작구 상도동 373-124,-
버스,상도2동아이파크.포스코더샵아파트,,4,126.940831,37.501479,N,Y,N,상도동,11590102,119000106,서울 동작구 상도동 204-45,서울특별시 동작구 장승배기로 41 (상도동)
버스,행복유치원,,2,126.940869,37.496166,N,Y,N,상도동,11590102,119900076,서울 동작구 상도동 210-113,"서울특별시 동작구 양녕로25길 71 (상도동, 유성주택)"
버스,상도2동아이파크.포스코더샵아파트,,3,126.941136,37.501514,N,Y,N,상도동,11590102,119000107,서울 동작구 상도동 201-38,-
버스,행복유치원,,1,126.941249,37.495752,N,Y,N,상도동,11590102,119900212,서울 동작구 상도동 210-486,서울특별시 동작구 양녕로23길 25 (상도동)
버스,상도감리교회.보건소,,2,126.941312,37.505495,N,Y,N,상도동,11590102,119900291,서울 동작구 상도동 25-34,-
버스,노량진역,,5,126.941454,37.513724,N,Y,N,노량진동,11590101,119900149,서울 동작구 노량진동 60-11,서울특별시 동작구 노량진로 지하130 (노량진동)
버스,상도감리교회,,2,126.941543,37.505491,N,Y,N,상도동,11590102,119900172,서울 동작구 상도동 25-41,-
버스,새소망교회,,2,126.941566,37.50621,N,Y,N,노량진동,11590101,119900096,서울 동작구 노량진동 329-3,-
버스,현대아이파크,,1,126.941603,37.500889,N,Y,N,상도동,11590102,119900047,서울 동작구 상도동 201-38,-
버스,상도2동주민센터,,4,126.941783,37.505053,N,Y,N,상도동,11590102,119900189,서울 동작구 상도동 170-1,서울특별시 동작구 상도로 208 (상도동)
버스,노량진역3번출구,,15,126.941878,37.513495,N,Y,N,노량진동,11590101,119000024,서울 동작구 노량진동 62-13,-
버스,새소망교회,,2,126.942003,37.506397,N,Y,N,노량진동,11590101,119900166,서울 동작구 노량진동 325,"서울특별시 동작구 만양로 19 (노량진동, 상도신동아리버파크아파트)"
버스,경향렉스빌.롯데캐슬비엔,,4,126.942735,37.495985,N,Y,N,상도동,11590102,119000127,서울 동작구 상도동 217-6,-
버스,경향렉스빌.롯데캐슬비엔,,5,126.942914,37.49593,N,Y,N,상도동,11590102,119000126,서울 동작구 상도동 210-6,-
버스,신동아아파트701동앞,,2,126.942972,37.507502,N,Y,N,노량진동,11590101,119900099,서울 동작구 노량진동 329-5,-
버스,현진빌라.고마트,,2,126.943002,37.497211,N,Y,N,상도동,11590102,119900106,서울 동작구 상도동 210-6,-
버스,롯데캐슬비엔,,1,126.943091,37.496843,N,Y,N,상도동,11590102,119900054,서울 동작구 상도동 210-6,-
버스,신동아아파트701동앞,,2,126.943225,37.507481,N,Y,N,노량진동,11590101,119900158,서울 동작구 노량진동 325,"서울특별시 동작구 만양로 19 (노량진동, 상도신동아리버파크아파트)"
버스,노량진역,,3,126.943248,37.513504,N,Y,N,노량진동,11590101,119900126,서울 동작구 노량진동 72-48,서울특별시 동작구 노량진로 156 (노량진동)
버스,상도4동약수맨션,,3,126.943357,37.497959,N,Y,N,상도동,11590102,119000131,서울 동작구 상도동 210-6,-
버스,노량진역2번출구,,12,126.943467,37.513905,N,Y,N,노량진동,11590101,119000025,서울 동작구 노량진동 67-8,서울특별시 동작구 노량진로 157-1 (노량진동)
버스,약수맨션.약수당약국,,3,126.943517,37.498251,N,Y,N,상도동,11590102,119900107,서울 동작구 상도동 210-6,-
버스,신상도초등학교,,3,126.943532,37.499316,N,Y,N,상도동,11590102,119000108,서울 동작구 상도동 208-4,-
버스,상도4동약수맨션,,5,126.943548,37.497943,N,Y,N,상도동,11590102,119000125,서울 동작구 상도동 210-6,-
버스,국사봉중학교,,2,126.943573,37.493384,N,Y,N,상도동,11590102,119900238,서울 동작구 상도동 산 65-244,-
버스,빌라삼거리.영도교회.약수터,,3,126.943605,37.495354,N,Y,N,상도동,11590102,119900241,서울 동작구 상도동 214-211,서울특별시 동작구 양녕로22가길 25 (상도동)
버스,방범초소,,3,126.943628,37.494339,N,Y,N,상도동,11590102,119900240,서울 동작구 상도동 214-1,-
버스,신상도초등학교,,3,126.943674,37.499374,N,Y,N,상도동,11590102,119000124,서울 동작구 상도동 208-4,-
버스,국사봉중학교,,2,126.943728,37.493181,N,Y,N,상도동,11590102,119900027,서울 동작구 상도동 산 65-196,-
버스,방범초소,,2,126.943742,37.494168,N,Y,N,상도동,11590102,119900017,서울 동작구 상도동 214-437,서울특별시 동작구 양녕로20길 20 (상도동)
버스,상도브라운스톤,,2,126.943805,37.505286,N,Y,N,상도동,11590102,119900181,서울 동작구 상도동 26-20,서울특별시 동작구 상도로 249 (상도동)
버스,노량진역,,14,126.943811,37.513733,N,Y,N,노량진동,11590101,119000011,서울 동작구 노량진동 113-1,-
버스,신동아관리사무소,,2,126.944002,37.508308,N,Y,N,노량진동,11590101,119900153,서울 동작구 노량진동 325,"서울특별시 동작구 만양로 19 (노량진동, 상도신동아리버파크아파트)"
버스,노량진신한은행,,3,126.944171,37.512155,N,Y,N,노량진동,11590101,119900227,서울 동작구 노량진동 119-64,서울특별시 동작구 노량진로16길 31 (노량진동)
버스,노량진한국법학교육원,,5,126.944331,37.512354,N,Y,N,노량진동,11590101,119900226,서울 동작구 노량진동 118-14,서울특별시 동작구 만양로 95-2 (노량진동)
버스,신동아관리사무소,,2,126.944545,37.508498,N,Y,N,노량진동,11590101,119900102,서울 동작구 노량진동 329,"서울특별시 동작구 만양로13길 44 (노량진동, 태영아트빌)"
버스,노량진역,,14,126.944712,37.513833,N,Y,N,노량진동,11590101,119000012,서울 동작구 노량진동 150-2,서울특별시 동작구 노량진로 165 (노량진동)
버스,동원베네스트,,2,126.944764,37.503206,N,Y,N,상도동,11590102,119900088,서울 동작구 상도동 528-2,서울특별시 동작구 상도로34길 36-3 (상도동)
버스,강남교회.오거리,,3,126.944788,37.510246,N,Y,N,노량진동,11590101,119900120,서울 동작구 노량진동 224-10,서울특별시 동작구 만양로 75-3 (노량진동)
버스,강남교회.오거리,,5,126.944929,37.510278,N,Y,N,노량진동,11590101,119900162,서울 동작구 노량진동 224,서울특별시 동작구 만양로 71 (노량진동)
버스,동원베네스트,,2,126.945175,37.503454,N,Y,N,상도동,11590102,119900194,서울 동작구 상도동 157-40,-
버스,밤골.상도역롯데캐슬파크엘,,2,126.945507,37.501965,N,Y,N,상도동,11590102,119900085,서울 동작구 상도동 159-14,서울특별시 동작구 상도로34길 70 (상도동)
버스,밤골.상도역롯데캐슬파크엘,,2,126.945594,37.502152,N,Y,N,상도동,11590102,119900309,서울 동작구 상도동 157-50,-
버스,밤골.상도역롯데캐슬파크엘,,1,126.945916,37.50196,N,Y,N,상도동,11590102,119900109,서울 동작구 상도동 159-336,-
버스,상도노빌리티아파트,,7,126.94594,37.504793,N,Y,N,상도동,11590102,119000061,서울 동작구 상도동 29-133,서울특별시 동작구 상도로 246-2 (상도동)
버스,부강탕,,2,126.945978,37.504547,N,Y,N,상도동,11590102,119900090,서울 동작구 상도동 29-8,-
버스,부강탕,,2,126.945991,37.504367,N,Y,N,상도동,11590102,119900247,서울 동작구 상도동 29-7,서울특별시 동작구 상도로34길 7 (상도동)
버스,밤골터널.상도역롯데캐슬파크엘,,1,126.946013,37.501866,N,Y,N,상도동,11590102,119900031,서울 동작구 상도동 159-336,-
버스,신동아상가,,2,126.946074,37.50813,N,Y,N,노량진동,11590101,119900103,서울 동작구 노량진동 329,"서울특별시 동작구 만양로13길 44 (노량진동, 태영아트빌)"
버스,사육신공원,,3,126.946297,37.513367,N,Y,N,노량진동,11590101,119000026,서울 동작구 노량진동 148-5,서울특별시 동작구 노량진로 184 (노량진동)
버스,신동아상가,,2,126.946325,37.507998,N,Y,N,노량진동,11590101,119900148,서울 동작구 노량진동 325,"서울특별시 동작구 만양로 19 (노량진동, 상도신동아리버파크아파트)"
버스,대림아파트,,1,126.946642,37.505384,N,Y,N,상도동,11590102,119900110,서울 동작구 상도동 17-1,"서울특별시 동작구 흑석로 17-1 (상도1동, 상도동다세대주택)"
버스,대림아파트,,3,126.946671,37.50518,N,Y,N,상도동,11590102,119900180,서울 동작구 상도동 903,"서울특별시 동작구 만양로 6 (상도동, e편한세상 상도 노빌리티)"
버스,상도노빌리티아파트,,8,126.946868,37.504327,N,Y,N,상도동,11590102,119000062,서울 동작구 상도동 34-21,-
버스,상도역7호선,,1,126.947077,37.502907,N,Y,N,상도1동,11590103,119900112,서울 동작구 상도1동 751-1,-
버스,상도역7호선,,1,126.94721,37.502747,N,Y,N,상도1동,11590103,119900023,서울 동작구 상도1동 736-2,서울특별시 동작구 양녕로 252 (상도1동)
버스,상도역.하나은행,,2,126.947333,37.50382,N,Y,N,상도1동,11590103,119900244,서울 동작구 상도1동 691-1,서울특별시 동작구 상도로 265-15 (상도1동)
버스,건영아파트,,2,126.947634,37.507448,N,Y,N,노량진동,11590101,119900104,서울 동작구 노량진동 329,"서울특별시 동작구 만양로13길 44 (노량진동, 태영아트빌)"
버스,건영아파트,,2,126.947662,37.507372,N,Y,N,노량진동,11590101,119900142,서울 동작구 노량진동 329,"서울특별시 동작구 만양로13길 44 (노량진동, 태영아트빌)"
버스,신동아리버파크,,1,126.947711,37.506677,N,Y,N,상도동,11590102,119900114,서울 동작구 상도동 17-74,-
버스,상도역1번출구,,3,126.947837,37.502586,N,Y,N,상도1동,11590103,119900284,서울 동작구 상도1동 744-1,서울특별시 동작구 상도로 278 (상도1동)
버스,사육신공원,,11,126.947977,37.513315,N,Y,N,노량진동,11590101,119000027,서울 동작구 노량진동 148-69,-
버스,건영아파트,,3,126.948004,37.506971,N,Y,N,노량진동,11590101,119900175,서울 동작구 노량진동 324-2,-
버스,상도역,,12,126.948622,37.501627,N,Y,N,상도1동,11590103,119000067,서울 동작구 상도1동 799-2,서울특별시 동작구 상도로 292 (상도1동)
버스,상도역,,3,126.948946,37.50358,N,Y,N,상도1동,11590103,119900108,서울 동작구 상도1동 665-2,서울특별시 동작구 양녕로 268-1 (상도1동)
버스,노들역,,23,126.949256,37.512825,N,Y,N,노량진동,11590101,119000013,서울 동작구 노량진동 186-1,서울특별시 동작구 노량진로 212 (노량진동)
버스,상도터널상도동,,9,126.949504,37.504599,N,Y,N,상도1동,11590103,119000065,서울 동작구 상도1동 621,서울특별시 동작구 양녕로 281 (상도1동)
버스,상도터널상도동,,4,126.949519,37.503859,N,Y,N,상도1동,11590103,119000066,서울 동작구 상도1동 628,서울특별시 동작구 양녕로 274 (상도1동)
버스,상도역,,12,126.94952,37.501249,N,Y,N,상도1동,11590103,119000068,서울 동작구 상도1동 390-2,서울특별시 동작구 상도로 295-2 (상도1동)
버스,중대후문입구,,4,126.950136,37.504346,N,Y,N,상도1동,11590103,119900013,서울 동작구 상도1동 635,서울특별시 동작구 양녕로 280-1 (상도1동)
버스,이화약국,,4,126.950538,37.504951,N,Y,N,상도1동,11590103,119900009,서울 동작구 상도1동 528-1,서울특별시 동작구 매봉로 29 (상도1동)
버스,상도은빛어르신복지관,,3,126.95054,37.506389,N,Y,N,상도1동,11590103,119900188,서울 동작구 상도1동 519-1,서울특별시 동작구 매봉로 25 (상도1동)
버스,상도은빛어르신복지관.터널경로당,,1,126.950954,37.506541,N,Y,N,상도1동,11590103,119900245,서울 동작구 상도1동 528-1,서울특별시 동작구 매봉로 29 (상도1동)
버스,노들역,,14,126.950962,37.512734,N,Y,N,본동,11590104,119000014,서울 동작구 본동 344-3,-
버스,노들역,,3,126.951007,37.512565,N,Y,N,본동,11590104,119000029,서울 동작구 본동 390-4,-
버스,노들역,,11,126.951048,37.512865,N,Y,N,본동,11590104,119000028,서울 동작구 본동 359-3,서울특별시 동작구 노량진로 225 (본동)
버스,삼성래미안아파트,,2,126.951085,37.510345,N,Y,N,본동,11590104,119900129,서울 동작구 본동 492,"서울특별시 동작구 매봉로 123 (본동, 본동삼성래미안아파트)"
버스,상도동중앙하이츠빌.상도전통시장,,12,126.951185,37.498813,N,Y,N,상도동,11590102,119000069,서울 동작구 상도동 518-1,-
버스,극동아파트,,2,126.95121,37.511111,N,Y,N,본동,11590104,119900131,서울 동작구 본동 148-9,-
버스,상도은빛어르신복지관.터널경로당,,1,126.951251,37.506572,N,Y,N,상도1동,11590103,119900002,서울 동작구 상도1동 535,서울특별시 동작구 매봉로 36 (상도1동)
버스,신동아정문,,1,126.951252,37.51015,N,Y,N,본동,11590104,119900193,서울 동작구 본동 481-2,-
버스,한신아파트,,2,126.951259,37.50874,N,Y,N,본동,11590104,119900124,서울 동작구 본동 487,"서울특별시 동작구 매봉로 99 (본동, 한신휴플러스아파트)"
버스,극동아파트앞,,1,126.951364,37.511073,N,Y,N,본동,11590104,119900185,서울 동작구 본동 481-1,-
버스,신동아상가,,1,126.951407,37.50876,N,Y,N,본동,11590104,119900231,서울 동작구 본동 457-283,-
버스,건영아파트후문,,1,126.951503,37.507806,N,Y,N,상도1동,11590103,119900121,서울 동작구 상도1동 508-1,서울특별시 동작구 매봉로 63 (상도1동)
버스,건영아파트,,1,126.951599,37.507883,N,Y,N,상도1동,11590103,119900205,서울 동작구 상도1동 507-4,서울특별시 동작구 상도로61길 72-1 (상도동)
버스,상도동중앙하이츠빌.상도전통시장,,12,126.951774,37.49869,N,Y,N,상도동,11590102,119000070,서울 동작구 상도동 518-1,-
버스,극락정사,,1,126.951806,37.508048,N,Y,N,본동,11590104,119900288,서울 동작구 본동 481-5,-
버스,본동시장,,2,126.951974,37.51224,N,Y,N,본동,11590104,119900134,서울 동작구 본동 163-5,-
버스,노들역5번출구,,1,126.952159,37.51229,N,Y,N,본동,11590104,119900254,서울 동작구 본동 163-8,서울특별시 동작구 매봉로 178 (본동)
버스,노들역5번출구앞,,1,126.952533,37.512541,N,Y,N,본동,11590104,119900208,서울 동작구 본동 149-6,서울특별시 동작구 노량진로 지하238 (본동)
버스,숭실대입구역,,7,126.9528,37.496923,N,Y,N,상도동,11590102,119000071,서울 동작구 상도동 517,-
버스,상도1동주민센터.상도3차래미안,,1,126.953262,37.49822,N,Y,N,상도동,11590102,119000140,서울 동작구 상도동 439,"서울특별시 동작구 상도로53길 70 (상도동, 상도에스에이치빌)"
버스,숭실대입구역,,8,126.953349,37.496167,N,Y,N,상도동,11590102,119000072,서울 동작구 상도동 489-3,서울특별시 동작구 상도로62길 44 (상도동)
버스,상도1동주민센터.상도3차래미안,,1,126.953358,37.498407,N,Y,N,상도동,11590102,119000139,서울 동작구 상도동 439,"서울특별시 동작구 상도로53길 70 (상도동, 상도에스에이치빌)"
버스,노들역4번출구앞,,2,126.953359,37.512457,N,Y,N,본동,11590104,119000294,서울 동작구 본동 150,"서울특별시 동작구 노량진로24길 2 (본동, 한강쌍용아파트)"
버스,중앙대후문,,2,126.953431,37.50455,N,Y,N,상도동,11590102,119000110,서울 동작구 상도동 425-1,-
버스,금양빌딩,,1,126.953502,37.499507,N,Y,N,상도동,11590102,119000316,서울 동작구 상도동 439,"서울특별시 동작구 상도로53길 70 (상도동, 상도에스에이치빌)"
버스,중앙대후문,,3,126.953542,37.50505,N,Y,N,상도동,11590102,119900010,서울 동작구 상도동 7-55,서울특별시 동작구 흑석로 25 (상도동)
버스,본동초등학교,,1,126.953555,37.510727,N,Y,N,본동,11590104,119900164,서울 동작구 본동 136-3,서울특별시 동작구 노량진로26길 16-34 (본동)
버스,숭실대입구역2번출구,,1,126.953556,37.496203,N,Y,N,상도동,11590102,119900253,서울 동작구 상도동 514,서울특별시 동작구 상도로 365-2 (상도동)
버스,상도3차삼성래미안후문,,2,126.953569,37.500941,N,Y,N,상도동,11590102,119000138,서울 동작구 상도동 432-1,"서울특별시 동작구 상도로53길 41 (상도동, 호애)"
버스,중앙대후문,,2,126.953636,37.504808,N,Y,N,상도동,11590102,119000109,서울 동작구 상도동 439,"서울특별시 동작구 상도로53길 70 (상도동, 상도에스에이치빌)"
버스,상도터널노량진동,,5,126.953698,37.512006,N,Y,N,본동,11590104,119000064,서울 동작구 본동 136-2,-
버스,경동아파트,,1,126.953718,37.509484,N,Y,N,본동,11590104,119900290,서울 동작구 본동 132-2,-
버스,숭실대입구역,,16,126.953734,37.496461,N,Y,N,상도동,11590102,119000073,서울 동작구 상도동 514,서울특별시 동작구 상도로 365-2 (상도동)
버스,상도3차삼성래미안후문,,1,126.953823,37.501055,N,Y,N,상도동,11590102,119000137,서울 동작구 상도동 439,"서울특별시 동작구 상도로53길 70 (상도동, 상도에스에이치빌)"
버스,래미안상도3차중문,,1,126.953869,37.499874,N,Y,N,상도동,11590102,119000317,서울 동작구 상도동 431,"서울특별시 동작구 상도로53길 8 (상도동, 래미안상도3차아파트)"
버스,상도SH빌아파트상도팰리스후문,,2,126.953972,37.502655,N,Y,N,상도동,11590102,119000135,서울 동작구 상도동 430,"서울특별시 동작구 상도로53길 70 (상도동, 상도에스에이치빌)"
버스,중앙대후문,,3,126.953982,37.505013,N,Y,N,흑석동,11590105,119900105,서울 동작구 흑석동 211-39,-
버스,상도SH빌아파트상도팰리스후문,,1,126.954293,37.503142,N,Y,N,상도동,11590102,119000136,서울 동작구 상도동 439,"서울특별시 동작구 상도로53길 70 (상도동, 상도에스에이치빌)"
버스,노들역.노량진교회,,1,126.954474,37.512428,N,Y,N,본동,11590104,119900156,서울 동작구 본동 47-52,서울특별시 동작구 노량진로 지하238 (본동)
버스,동양중학교,,1,126.954804,37.509114,N,Y,N,본동,11590104,119900289,서울 동작구 본동 126-450,서울특별시 동작구 매봉로6길 16 (본동)
버스,한강대교남단(가상),,1,126.955451,37.514216,N,Y,N,본동,11590104,119000300,서울 동작구 본동 475-1,서울특별시 동작구 노량진로 지하238 (본동)
버스,한강대교남단(가상),,2,126.955581,37.514617,N,Y,N,본동,11590104,119000299,서울 동작구 본동 475,서울특별시 동작구 노량진로 지하238 (본동)
버스,봉현초등학교,,10,126.956215,37.491679,N,Y,N,상도동,11590102,119000074,서울 동작구 상도동 124,-
버스,봉천고개.관악현대아파트,,8,126.956595,37.491733,N,Y,N,상도동,11590102,119000075,서울 동작구 상도동 407-1,-
버스,봉천고개관악현대아파트,,1,126.956632,37.492118,N,Y,N,상도동,11590102,119900179,서울 동작구 상도동 407-1,-
버스,한강대교(가상),,17,126.956781,37.513737,N,Y,N,본동,11590104,119000307,서울 동작구 본동 475-1,서울특별시 동작구 노량진로 지하238 (본동)
버스,숭실대정문앞,,6,126.957055,37.49515,N,Y,N,상도동,11590102,119000076,서울 동작구 상도동 505-4,서울특별시 동작구 사당로 24 (상도동)
버스,한강대교(가상),,17,126.957194,37.51412,N,Y,N,본동,11590104,119000306,서울 동작구 본동 475,서울특별시 동작구 노량진로 지하238 (본동)
버스,중앙대중문,,1,126.957272,37.50664,N,Y,N,흑석동,11590105,119000112,서울 동작구 흑석동 221-1,서울특별시 동작구 흑석로7길 17 (흑석동)
버스,숭실대정문앞,,6,126.957281,37.495318,N,Y,N,상도동,11590102,119000077,서울 동작구 상도동 512-9,-
버스,중앙대중문,,3,126.957288,37.506739,N,Y,N,흑석동,11590105,119900014,서울 동작구 흑석동 205-17,-
버스,중앙대중문,,3,126.957356,37.506489,N,Y,N,흑석동,11590105,119900255,서울 동작구 흑석동 221,서울특별시 동작구 흑석로 84 (흑석동)
버스,중앙대정문,,3,126.958223,37.506744,N,Y,N,흑석동,11590105,119900101,서울 동작구 흑석동 221,서울특별시 동작구 흑석로 84 (흑석동)
버스,중앙대정문,,1,126.958294,37.506811,N,Y,N,흑석동,11590105,119000111,서울 동작구 흑석동 221-1,서울특별시 동작구 흑석로7길 17 (흑석동)
버스,중앙대정문,,4,126.959113,37.507237,N,Y,N,흑석동,11590105,119000113,서울 동작구 흑석동 221-1,서울특별시 동작구 흑석로7길 17 (흑석동)
버스,테니스장앞,,1,126.959367,37.498112,N,Y,N,상도동,11590102,119900140,서울 동작구 상도동 421-2,-
버스,숭실대별관앞,,5,126.959895,37.494983,N,Y,N,상도동,11590102,119000079,서울 동작구 상도동 512-1,-
버스,유앤미아파트,,2,126.960133,37.500922,N,Y,N,흑석동,11590105,119900089,서울 동작구 흑석동 79-291,-
버스,숭실대별관앞,,5,126.960293,37.494639,N,Y,N,상도동,11590102,119000078,서울 동작구 상도동 509,서울특별시 동작구 사당로 50 (상도동)
버스,중앙대병원,,1,126.960364,37.507436,N,Y,N,흑석동,11590105,119900285,서울 동작구 흑석동 224-1,서울특별시 동작구 흑석로 102 (흑석동)
버스,유앤미아파트,,1,126.960459,37.500707,N,Y,N,흑석동,11590105,119900061,서울 동작구 흑석동 253-4,-
버스,달마사,,2,126.960569,37.500332,N,Y,N,흑석동,11590105,119900080,서울 동작구 흑석동 253-89,"서울특별시 동작구 서달로 90 (흑석동, 흑석자이아파트)"
버스,달마사,,1,126.960694,37.499535,N,Y,N,흑석동,11590105,119900298,서울 동작구 흑석동 257-57,-
버스,중앙대병원,,3,126.960733,37.50769,N,Y,N,흑석동,11590105,119900033,서울 동작구 흑석동 86-181,-
버스,흑석동효사정앞,,13,126.960745,37.511554,N,Y,N,흑석동,11590105,119000030,서울 동작구 흑석동 172-5,-
버스,은로초등학교,,2,126.960782,37.503257,N,Y,N,흑석동,11590105,119900092,서울 동작구 흑석동 86-191,-
버스,중앙대부속초등학교.롯데캐슬에듀포레,,2,126.960786,37.504918,N,Y,N,흑석동,11590105,119900094,서울 동작구 흑석동 340-10,-
버스,효사정앞,,1,126.960862,37.511507,N,Y,N,흑석동,11590105,119000199,서울 동작구 흑석동 172-5,-
버스,숭실대후문,,1,126.961035,37.495095,N,Y,N,상도동,11590102,119900059,서울 동작구 상도동 512,서울특별시 동작구 상도로 369 (상도동)
버스,중대부속초등학교,,1,126.96105,37.505372,N,Y,N,흑석동,11590105,119900028,서울 동작구 흑석동 228-2,-
버스,숭실대후문,,1,126.96116,37.495048,N,Y,N,상도동,11590102,119900143,서울 동작구 상도동 103-2,서울특별시 동작구 서달로 4 (상도동)
버스,흑석동효사정앞,,13,126.961238,37.511573,N,Y,N,흑석동,11590105,119000031,서울 동작구 흑석동 172-3,-
버스,중앙대병원후문.흑석시장,,2,126.96127,37.506463,N,Y,N,흑석동,11590105,119900097,서울 동작구 흑석동 86-181,-
버스,효사정앞,,1,126.961318,37.511537,N,Y,N,흑석동,11590105,119000200,서울 동작구 흑석동 172-3,-
버스,중앙대학교,,2,126.961323,37.508167,N,Y,N,흑석동,11590105,119000101,서울 동작구 흑석동 183-1,서울특별시 동작구 흑석로 110 (흑석동)
버스,중앙대병원,,2,126.961376,37.507541,N,Y,N,흑석동,11590105,119900100,서울 동작구 흑석동 224-8,-
버스,중앙대학교,,1,126.961438,37.508345,N,Y,N,흑석동,11590105,119000103,서울 동작구 흑석동 182-7,서울특별시 동작구 흑석로 110-1 (흑석동)
버스,중앙대학교,,3,126.961507,37.508509,N,Y,N,흑석동,11590105,119000102,서울 동작구 흑석동 181-19,서울특별시 동작구 흑석로 114 (흑석동)
버스,서달산약수터,,1,126.962022,37.499849,N,Y,N,흑석동,11590105,119900297,서울 동작구 흑석동 256-14,-
버스,흑석역,,2,126.962302,37.509202,N,Y,N,흑석동,11590105,119900286,서울 동작구 흑석동 130-3,-
버스,자이아파트정문앞,,2,126.96278,37.489137,N,Y,N,사당동,11590107,119900081,서울 동작구 사당동 1139,"서울특별시 동작구 사당로2가길 102 (사당동, 사당자이아파트)"
버스,자이아파트정문앞,,2,126.962844,37.489305,N,Y,N,사당동,11590107,119900154,서울 동작구 사당동 190-199,서울특별시 동작구 사당로2가길 105 (사당동)
버스,사당롯데캐슬골든포레.사당해그린,,5,126.963072,37.492436,N,Y,N,사당동,11590107,119000319,서울 동작구 사당동 산 31-37,-
버스,자이아파트상가앞,,2,126.963156,37.488683,N,Y,N,사당동,11590107,119900070,서울 동작구 사당동 1139,"서울특별시 동작구 사당로2가길 102 (사당동, 사당자이아파트)"
버스,흑석역.흑석동빗물펌프장,,8,126.963213,37.508297,N,Y,N,흑석동,11590105,119000032,서울 동작구 흑석동 103-2,서울특별시 동작구 서달로 175 (흑석동)
버스,LG아파트상가,,2,126.963561,37.488601,N,Y,N,사당동,11590107,119900159,서울 동작구 사당동 708-535,-
버스,청호아파트,,1,126.963789,37.500751,N,Y,N,흑석동,11590105,119900296,서울 동작구 흑석동 산 70-7,-
버스,푸르지오후문,,1,126.964318,37.501598,N,Y,N,흑석동,11590105,119900295,서울 동작구 흑석동 336,"서울특별시 동작구 흑석한강로 27 (흑석동, 흑석한강푸르지오)"
버스,신남성초교입구,,2,126.964503,37.487903,N,Y,N,사당동,11590107,119900262,서울 동작구 사당동 708-535,-
버스,신남성초교입구,,2,126.964541,37.487709,N,Y,N,사당동,11590107,119900275,서울 동작구 사당동 산 32-8,-
버스,신남성초교후문,,1,126.9646,37.489028,N,Y,N,사당동,11590107,119900049,서울 동작구 사당동 199-1,서울특별시 동작구 사당로 146 (사당동)
버스,사당.인정아파트,,1,126.964964,37.489971,N,Y,N,사당동,11590107,119900037,서울 동작구 사당동 산 31-39,-
버스,푸르지오상가,,1,126.965036,37.503417,N,Y,N,흑석동,11590105,119900294,서울 동작구 흑석동 336-7,-
버스,흑석역.명수대현대아파트,,12,126.965045,37.507498,N,Y,N,흑석동,11590105,119000033,서울 동작구 흑석동 9-27,서울특별시 동작구 현충로 104 (흑석동)
버스,흑석역.명수현대아파트,,1,126.965093,37.507456,N,Y,N,흑석동,11590105,119000280,서울 동작구 흑석동 9-99,서울특별시 동작구 현충로 104 (흑석동)
버스,삼호.오네뜨아파트,,1,126.965345,37.486604,N,Y,N,사당동,11590107,119900276,서울 동작구 사당동 산 32-8,-
버스,흑석한강푸르지오,,1,126.965352,37.504296,N,Y,N,흑석동,11590105,119900293,서울 동작구 흑석동 336-7,-
버스,흑석동,,3,126.965448,37.507676,N,Y,N,흑석동,11590105,119000279,서울 동작구 흑석동 9-22,-
버스,흑석역.명수대현대아파트,,9,126.965592,37.507585,N,Y,N,흑석동,11590105,119000034,서울 동작구 흑석동 9-22,-
버스,삼호APT.오네뜨아파트,,2,126.96563,37.486545,N,Y,N,사당동,11590107,119900173,서울 동작구 사당동 708-533,-
버스,사당5치안센터,,6,126.965649,37.489028,N,Y,N,사당동,11590107,119000080,서울 동작구 사당동 197-2,서울특별시 동작구 사당로 136 (사당동)
버스,총신대,,6,126.96618,37.488742,N,Y,N,사당동,11590107,119000081,서울 동작구 사당동 200-1,서울특별시 동작구 사당로 143 (사당동)
버스,흑석동명수대현대아파트,,3,126.966272,37.507348,N,Y,N,흑석동,11590105,119000035,서울 동작구 흑석동 22-9,-
버스,동작고교,,3,126.966429,37.481822,N,Y,N,사당동,11590107,119900261,서울 동작구 사당동 236-9,-
버스,동작고등학교,,3,126.966444,37.481572,N,Y,N,사당동,11590107,119900198,서울 동작구 사당동 238-3,-
버스,흑석동주민센터,,1,126.96646,37.505867,N,Y,N,흑석동,11590105,119900292,서울 동작구 흑석동 335-4,-
버스,총신대,,7,126.966476,37.487863,N,Y,N,사당동,11590107,119000082,서울 동작구 사당동 200-9,-
버스,갑을명가,,3,126.966767,37.482572,N,Y,N,사당동,11590107,119900043,서울 동작구 사당동 708-743,-
버스,사당솔밭도서관,,3,126.967056,37.484017,N,Y,N,사당동,11590107,119900312,서울 동작구 사당동 산 32-2,-
버스,사당솔밭도서관,,3,126.967088,37.483427,N,Y,N,사당동,11590107,119900192,서울 동작구 사당동 708-806,-
버스,동작고교.사당5동주민센터,,2,126.967488,37.485099,N,Y,N,사당동,11590107,119900177,서울 동작구 사당동 산 32-59,-
버스,사당5동주민센터,,1,126.967507,37.485085,N,Y,N,사당동,11590107,119900277,서울 동작구 사당동 산 32-59,-
버스,사당중학교,,5,126.968179,37.486637,N,Y,N,사당동,11590107,119000084,서울 동작구 사당동 211-2,-
버스,사당중학교,,6,126.968275,37.486355,N,Y,N,사당동,11590107,119000083,서울 동작구 사당동 211-2,-
버스,삼거리,,3,126.968303,37.4856,N,Y,N,사당동,11590107,119900263,서울 동작구 사당동 226-5,-
버스,삼거리,,2,126.96845,37.485535,N,Y,N,사당동,11590107,119900183,서울 동작구 사당동 224-26,서울특별시 동작구 솔밭로 106 (사당동)
버스,비계,,12,126.968584,37.506437,N,Y,N,흑석동,11590105,119000037,서울 동작구 흑석동 28-3,-
버스,사당문화복지관,,2,126.969576,37.485346,N,Y,N,사당동,11590107,119900006,서울 동작구 사당동 221,-
버스,사당종합체육관,,1,126.969635,37.492524,N,Y,N,사당동,11590107,119900320,서울 동작구 사당동 산 21-9,서울특별시 동작구 사당로27길 232 (사당동)
버스,남성역,,5,126.970746,37.484929,N,Y,N,사당동,11590107,119000085,서울 동작구 사당동 산 25-33,서울특별시 동작구 사당로 지하218 (사당동)
버스,두산위브아파트,,2,126.970876,37.484878,N,Y,N,사당동,11590107,119900280,서울 동작구 사당동 산 25-33,서울특별시 동작구 사당로 지하218 (사당동)
버스,남성역,,5,126.971093,37.484588,N,Y,N,사당동,11590107,119000086,서울 동작구 사당동 708-530,-
버스,삼성래미안.롯데캐슬,,2,126.97115,37.489628,N,Y,N,사당동,11590107,119900082,서울 동작구 사당동 1133,"서울특별시 동작구 사당로23바길 9 (사당동, 동작삼성래미안아파트)"
버스,롯데캐슬.샤인,,1,126.971203,37.491098,N,Y,N,사당동,11590107,119900321,서울 동작구 사당동 708-526,-
버스,롯데캐슬,,1,126.971272,37.489823,N,Y,N,사당동,11590107,119900315,서울 동작구 사당동 173-42,-
버스,롯데캐슬.샤인,,1,126.971489,37.490918,N,Y,N,사당동,11590107,119900319,서울 동작구 사당동 1132,"서울특별시 동작구 사당로27길 190 (사당동, 롯데캐슬)"
버스,흑석동한강현대아파트,,12,126.971748,37.505867,N,Y,N,흑석동,11590105,119000038,서울 동작구 흑석동 28-1,"서울특별시 동작구 현충로 151 (흑석동, 한강현대아파트)"
버스,대림아파트후문,,2,126.972185,37.488652,N,Y,N,사당동,11590107,119900071,서울 동작구 사당동 169-8,서울특별시 동작구 사당로17길 8 (사당동)
버스,남성역.남성역골목시장,,2,126.972224,37.484187,N,Y,N,사당동,11590107,119900001,서울 동작구 사당동 252,서울특별시 동작구 사당로 223 (사당동)
버스,대림현대아파트,,1,126.972484,37.486157,N,Y,N,사당동,11590107,119900077,서울 동작구 사당동 708-860,서울특별시 동작구 사당로17길 69 (사당동)
버스,대림아파트후문,,2,126.972591,37.488462,N,Y,N,사당동,11590107,119900182,서울 동작구 사당동 708-545,-
버스,남성역골목시장,,4,126.972782,37.483676,N,Y,N,사당동,11590107,119000088,서울 동작구 사당동 254-1,-
버스,예술인마을,,16,126.972845,37.476049,N,Y,N,사당동,11590107,119000049,서울 동작구 사당동 1129,서울특별시 동작구 남부순환로 지하2089 (사당동)
버스,남성역골목시장,,6,126.973014,37.483805,N,Y,N,사당동,11590107,119000087,서울 동작구 사당동 712-14,-
버스,동작대교남단(가상),,2,126.973585,37.505724,N,Y,N,동작동,11590106,119000298,서울 동작구 동작동 322-3,-
버스,삼일공원,,2,126.973856,37.486851,N,Y,N,사당동,11590107,119900060,서울 동작구 사당동 산 24-17,서울특별시 동작구 사당로23길 57-7 (사당동)
버스,대림프라자.사당3동주민센터,,1,126.973876,37.483926,N,Y,N,사당동,11590107,119900065,서울 동작구 사당동 708-402,서울특별시 동작구 사당로17길 17 (사당동)
버스,동작대교남단(가상),,3,126.97396,37.506141,N,Y,N,동작동,11590106,119000297,서울 동작구 동작동 322-3,-
버스,삼일공원,,2,126.974016,37.486973,N,Y,N,사당동,11590107,119900187,서울 동작구 사당동 708-829,-
버스,극동상가,,2,126.974096,37.491687,N,Y,N,사당동,11590107,119900256,서울 동작구 사당동 105,"서울특별시 동작구 동작대로29길 91 (사당동, 사당우성아파트)"
버스,극동아파트110동,,1,126.974121,37.490847,N,Y,N,사당동,11590107,119900258,서울 동작구 사당동 105,"서울특별시 동작구 동작대로29길 91 (사당동, 사당우성아파트)"
버스,극동아파트110동,,1,126.974672,37.490364,N,Y,N,사당동,11590107,119900257,서울 동작구 사당동 105,"서울특별시 동작구 동작대로29길 91 (사당동, 사당우성아파트)"
버스,동작삼일수영장,,2,126.974787,37.487177,N,Y,N,사당동,11590107,119900178,서울 동작구 사당동 164-56,-
버스,동작삼일수영장,,2,126.974798,37.487394,N,Y,N,사당동,11590107,119900039,서울 동작구 사당동 164-72,-
버스,남성초등학교.사당청소년문화의집,,4,126.974841,37.48601,N,Y,N,사당동,11590107,119900050,서울 동작구 사당동 산 24-17,서울특별시 동작구 사당로23길 57-7 (사당동)
버스,남성초등학교.사당청소년문화의집,,4,126.974976,37.486138,N,Y,N,사당동,11590107,119900195,서울 동작구 사당동 708-642,-
버스,사당시장,,3,126.975127,37.48309,N,Y,N,사당동,11590107,119900055,서울 동작구 사당동 318-8,서울특별시 동작구 사당로 244 (사당동)
버스,삼일초등학교앞,,2,126.975663,37.488106,N,Y,N,사당동,11590107,119900233,서울 동작구 사당동 105-22,서울특별시 동작구 사당로23나길 27 (사당동)
버스,테니스장.우성아파트304동,,2,126.975936,37.490619,N,Y,N,사당동,11590107,119900259,서울 동작구 사당동 105,"서울특별시 동작구 동작대로29길 91 (사당동, 사당우성아파트)"
버스,우성201동.극동112동,,2,126.976021,37.488171,N,Y,N,사당동,11590107,119900174,서울 동작구 사당동 105,"서울특별시 동작구 동작대로29길 91 (사당동, 사당우성아파트)"
버스,사당동대아신협앞,,5,126.97629,37.483377,N,Y,N,사당동,11590107,119000296,서울 동작구 사당동 708-360,-
버스,극동아파트112동,,2,126.976344,37.488596,N,Y,N,사당동,11590107,119900260,서울 동작구 사당동 105,"서울특별시 동작구 동작대로29길 91 (사당동, 사당우성아파트)"
버스,신동아아파트,,2,126.976579,37.490007,N,Y,N,사당동,11590107,119900160,서울 동작구 사당동 105-2,"서울특별시 동작구 동작대로29길 91 (사당동, 사당우성아파트)"
버스,동작역.국립현충원,,12,126.976653,37.503189,N,Y,N,동작동,11590106,119000041,서울 동작구 동작동 131-1,-
버스,동작역.국립현충원,,12,126.976865,37.502586,N,Y,N,동작동,11590106,119000040,서울 동작구 동작동 131-1,-
버스,남성초등학교입구,,4,126.976923,37.483756,N,Y,N,사당동,11590107,119900310,서울 동작구 사당동 323-6,-
버스,삼거리우편물취급소,,4,126.977055,37.484165,N,Y,N,사당동,11590107,119900038,서울 동작구 사당동 324-20,서울특별시 동작구 사당로23길 57-14 (사당동)
버스,시장입구,,2,126.977158,37.489472,N,Y,N,사당동,11590107,119900167,서울 동작구 사당동 105-6,-
버스,삼거리우편물취급소,,4,126.977269,37.484218,N,Y,N,사당동,11590107,119900201,서울 동작구 사당동 708-624,-
버스,남성초등학교,,4,126.97843,37.484299,N,Y,N,사당동,11590107,119000090,서울 동작구 사당동 152-9,-
버스,남성초등학교,,4,126.978585,37.484075,N,Y,N,사당동,11590107,119000089,서울 동작구 사당동 1003-49,-
버스,사당1동주민센터입구,,7,126.978743,37.484087,N,Y,N,사당동,11590107,119900209,서울 동작구 사당동 1003-49,-
버스,동작대교(가상),,14,126.979676,37.50452,N,Y,N,동작동,11590106,119000305,서울 동작구 동작동 316-2,-
버스,동작대교(가상),,15,126.979734,37.505119,N,Y,N,동작동,11590106,119000304,서울 동작구 동작동 316-3,서울특별시 동작구 동작대로 335 (동작동)
버스,이수역9번출구,,4,126.979895,37.484445,N,Y,N,사당동,11590107,119000091,서울 동작구 사당동 148-40,-
버스,이수역,,2,126.979985,37.484516,N,Y,N,사당동,11590107,119900022,서울 동작구 사당동 144-4,서울특별시 동작구 동작대로 105-2 (사당동)
버스,이수역10번출구,,4,126.980188,37.484833,N,Y,N,사당동,11590107,119000092,서울 동작구 사당동 144-4,서울특별시 동작구 동작대로 105-2 (사당동)
버스,동작대교전망카페,,2,126.980279,37.505763,N,Y,N,동작동,11590106,121000314,서울 동작구 동작동 316-3,서울특별시 동작구 동작대로 335 (동작동)
버스,이수역,,6,126.980626,37.485001,N,Y,N,사당동,11590107,119900075,서울 동작구 사당동 144-4,서울특별시 동작구 동작대로 105-2 (사당동)
버스,정금마을,,1,126.981218,37.493839,N,Y,N,동작동,11590106,119900305,서울 동작구 동작동 333-6,-
버스,정금마을,,1,126.981243,37.493744,N,Y,N,동작동,11590106,119900306,서울 동작구 동작동 산 4-2,서울특별시 동작구 동작대로 171 (동작동)
버스,사당역9번출구앞,,7,126.981396,37.477393,N,Y,N,사당동,11590107,119000302,서울 동작구 사당동 1042-22,-
버스,사당역10번출구,,1,126.981581,37.478687,N,Y,N,사당동,11590107,119900083,서울 동작구 사당동 1112,서울특별시 동작구 동작대로 43-2 (사당동)
버스,방배노인종합복지관,,19,126.981815,37.480679,N,Y,N,사당동,11590107,119000284,서울 동작구 사당동 345-15,-
버스,이수시너스.이수역7번출구,,3,126.981878,37.483918,N,Y,N,사당동,11590107,119900044,서울 동작구 사당동 1112,서울특별시 동작구 동작대로 43-2 (사당동)
버스,사당동우체국앞,,16,126.981945,37.483227,N,Y,N,사당동,11590107,119000285,서울 동작구 사당동 339-23,-
버스,총신대역,,2,126.982049,37.487354,N,Y,N,사당동,11590107,119900196,서울 동작구 사당동 134-1,서울특별시 동작구 동작대로 113-2 (사당동)
버스,이수역,,1,126.982089,37.486574,N,Y,N,사당동,11590107,119900184,서울 동작구 사당동 144-4,서울특별시 동작구 동작대로 105-2 (사당동)
버스,총신대입구역.남성시장입구앞,,16,126.982224,37.488217,N,Y,N,사당동,11590107,119000286,서울 동작구 사당동 736-1,서울특별시 동작구 동작대로 지하117 (사당동)
버스,경문고등학교,,2,126.982453,37.49018,N,Y,N,사당동,11590107,119900202,서울 동작구 사당동 82-5,-
버스,갯마을,,1,126.982546,37.496232,N,Y,N,동작동,11590106,119900204,서울 동작구 동작동 102-65,서울특별시 동작구 동작대로 213 (동작동)
버스,정금마을,,1,126.982565,37.494339,N,Y,N,동작동,11590106,119900199,서울 동작구 동작동 66-29,-
버스,경문고교.배나무골앞,,16,126.982587,37.491595,N,Y,N,사당동,11590107,119000287,서울 동작구 사당동 산 1-9,-
버스,정금마을.방배경찰서,,16,126.982614,37.494234,N,Y,N,동작동,11590106,119000288,서울 동작구 동작동 55-3,-
버스,정금마을,,17,126.982748,37.493297,N,Y,N,동작동,11590106,121000530,서울 동작구 동작동 56-1,-
버스,갯마을앞,,13,126.983312,37.497555,N,Y,N,동작동,11590106,119000289,서울 동작구 동작동 94-1,-
